ğ’€€	ğ’€€	579	a, a, Ã­d	A(.MEÅ )=mÃ»	Chap10Exercise.txt
ğ’Š®	ğ’Š®	384	lib/p, Å¡Ã 	Å Ã€	Chap10Exercise.txt
ğ’„­	ğ’„­	396	sÃ¡r, Å¡Ã¡r, á¹­Ã­, á¹­Ã©, dÃ­, á¸«i, á¸«e, á¹­Ã 	DÃ™G	Chap10Exercise.txt
ğ’€€	ğ’€€	579	a, a, Ã­d	A(.MEÅ )=mÃ»	Chap10Exercise.txt
ğ’€‰	ğ’€‰	334	id, ed	Ã€	Chap10Exercise.txt
ğ’ˆ¾	ğ’ˆ¾	070	na	NA.GADA=nÄqidum; NA.RU=narÃ»m	Chap10Exercise.txt
ğ’‹—	ğ’‹—	354	Å¡u, qat, qad, and	Å U	Chap10Exercise.txt
ğ’‰¡	ğ’‰¡	075	nu, lÃ 		Chap10Exercise.txt
ğ’…†	ğ’…†	449	Å¡i, lim, pÃ n, igi, lÃ¬, Å¡e~20~	IGI, LIM	Chap10Exercise.txt
ğ’…	ğ’…	399	Å¡ar~5~, im, em	IM, IÅ KUR	Chap10Exercise.txt
ğ’€€	ğ’€€	579	a, a, Ã­d	A(.MEÅ )=mÃ»	Chap10Exercise.txt
ğ’Š®	ğ’Š®	384	lib/p, Å¡Ã 	Å Ã€	Chap10Exercise.txt
ğ’„­	ğ’„­	396	sÃ¡r, Å¡Ã¡r, á¹­Ã­, á¹­Ã©, dÃ­, á¸«i, á¸«e, á¹­Ã 	DÃ™G	Chap10Exercise.txt
ğ’€€	ğ’€€	579	a, a, Ã­d	A(.MEÅ )=mÃ»	Chap10Exercise.txt
ğ’€‰	ğ’€‰	334	id, ed	Ã€	Chap10Exercise.txt
ğ’ˆ¾	ğ’ˆ¾	070	na	NA.GADA=nÄqidum; NA.RU=narÃ»m	Chap10Exercise.txt
ğ’‹—	ğ’‹—	354	Å¡u, qat, qad, and	Å U	Chap10Exercise.txt
ğ’‰¡	ğ’‰¡	075	nu, lÃ 		Chap10Exercise.txt
ğ’…†	ğ’…†	449	Å¡i, lim, pÃ n, igi, lÃ¬, Å¡e~20~	IGI, LIM	Chap10Exercise.txt
ğ’…	ğ’…	399	Å¡ar~5~, im, em	IM, IÅ KUR	Chap10Exercise.txt
